Norm,Topic,Agent,Stance,Argument
"Regarding Healthcare Accessibility, it is proposed that everyone has equal access to the benefits of this effort.",Healthcare Accessibility,Agent1,agree,Agent1 believes this because it encourages innovation.
"Regarding Healthcare Accessibility, it is proposed that everyone has equal access to the benefits of this effort.",Healthcare Accessibility,Agent2,agree,Agent2 believes this because it could infringe on individual freedoms.
"Regarding Healthcare Accessibility, it is proposed that everyone has equal access to the benefits of this effort.",Healthcare Accessibility,Agent3,agree,Agent3 believes this because it promotes ethical practices.
"Regarding Healthcare Accessibility, it is proposed that everyone has equal access to the benefits of this effort.",Healthcare Accessibility,Agent4,agree,Agent4 believes this because it is too costly to implement.
"Regarding Climate Change, it is proposed that international cooperation is mandatory for success.",Climate Change,Agent1,disagree,Agent1 believes this because it could infringe on individual freedoms.
"Regarding Climate Change, it is proposed that international cooperation is mandatory for success.",Climate Change,Agent2,disagree,Agent2 believes this because it aligns with societal values.
"Regarding Climate Change, it is proposed that international cooperation is mandatory for success.",Climate Change,Agent3,neutral,Agent3 believes this because it might cause unintended consequences.
"Regarding Climate Change, it is proposed that international cooperation is mandatory for success.",Climate Change,Agent4,agree,Agent4 believes this because it encourages innovation.
"Regarding Data Privacy, it is proposed that research must focus on ethical implications first.",Data Privacy,Agent1,neutral,Agent1 believes this because it reduces inequality.
"Regarding Data Privacy, it is proposed that research must focus on ethical implications first.",Data Privacy,Agent2,disagree,Agent2 believes this because it is too costly to implement.
"Regarding Data Privacy, it is proposed that research must focus on ethical implications first.",Data Privacy,Agent3,neutral,Agent3 believes this because it lacks sufficient evidence to support it.
"Regarding Data Privacy, it is proposed that research must focus on ethical implications first.",Data Privacy,Agent4,disagree,Agent4 believes this because it is too costly to implement.
A new rule in Healthcare Accessibility suggests that governments must invest at least 50% of their budget into related technologies.,Healthcare Accessibility,Agent1,disagree,Agent1 believes this because it encourages innovation.
A new rule in Healthcare Accessibility suggests that governments must invest at least 50% of their budget into related technologies.,Healthcare Accessibility,Agent2,agree,Agent2 believes this because it could infringe on individual freedoms.
A new rule in Healthcare Accessibility suggests that governments must invest at least 50% of their budget into related technologies.,Healthcare Accessibility,Agent3,disagree,Agent3 believes this because it aligns with societal values.
A new rule in Healthcare Accessibility suggests that governments must invest at least 50% of their budget into related technologies.,Healthcare Accessibility,Agent4,agree,Agent4 believes this because it could infringe on individual freedoms.
"Regarding Data Privacy, it is proposed that violators should face legal consequences for non-compliance.",Data Privacy,Agent1,agree,Agent1 believes this because it ensures fairness.
"Regarding Data Privacy, it is proposed that violators should face legal consequences for non-compliance.",Data Privacy,Agent2,disagree,Agent2 believes this because it promotes ethical practices.
"Regarding Data Privacy, it is proposed that violators should face legal consequences for non-compliance.",Data Privacy,Agent3,agree,Agent3 believes this because it promotes ethical practices.
"Regarding Data Privacy, it is proposed that violators should face legal consequences for non-compliance.",Data Privacy,Agent4,neutral,Agent4 believes this because it might cause unintended consequences.
"In the context of Animal Rights, the norm states that international cooperation is mandatory for success.",Animal Rights,Agent1,neutral,Agent1 believes this because it aligns with societal values.
"In the context of Animal Rights, the norm states that international cooperation is mandatory for success.",Animal Rights,Agent2,neutral,Agent2 believes this because it has significant economic benefits.
"In the context of Animal Rights, the norm states that international cooperation is mandatory for success.",Animal Rights,Agent3,agree,Agent3 believes this because it could infringe on individual freedoms.
"In the context of Animal Rights, the norm states that international cooperation is mandatory for success.",Animal Rights,Agent4,agree,Agent4 believes this because it has significant economic benefits.
A new rule in Data Privacy suggests that organizations are required to disclose their related activities publicly.,Data Privacy,Agent1,agree,Agent1 believes this because it is too costly to implement.
A new rule in Data Privacy suggests that organizations are required to disclose their related activities publicly.,Data Privacy,Agent2,agree,Agent2 believes this because it could infringe on individual freedoms.
A new rule in Data Privacy suggests that organizations are required to disclose their related activities publicly.,Data Privacy,Agent3,neutral,Agent3 believes this because it is too costly to implement.
A new rule in Data Privacy suggests that organizations are required to disclose their related activities publicly.,Data Privacy,Agent4,neutral,Agent4 believes this because it promotes ethical practices.
"In the context of Climate Change, the norm states that this effort should not compromise personal freedoms.",Climate Change,Agent1,disagree,Agent1 believes this because it aligns with societal values.
"In the context of Climate Change, the norm states that this effort should not compromise personal freedoms.",Climate Change,Agent2,agree,Agent2 believes this because it might cause unintended consequences.
"In the context of Climate Change, the norm states that this effort should not compromise personal freedoms.",Climate Change,Agent3,disagree,Agent3 believes this because it encourages innovation.
"In the context of Climate Change, the norm states that this effort should not compromise personal freedoms.",Climate Change,Agent4,disagree,Agent4 believes this because it promotes ethical practices.
"In the context of Data Privacy, the norm states that everyone has equal access to the benefits of this effort.",Data Privacy,Agent1,disagree,Agent1 believes this because it ensures fairness.
"In the context of Data Privacy, the norm states that everyone has equal access to the benefits of this effort.",Data Privacy,Agent2,neutral,Agent2 believes this because it encourages innovation.
"In the context of Data Privacy, the norm states that everyone has equal access to the benefits of this effort.",Data Privacy,Agent3,neutral,Agent3 believes this because it has significant economic benefits.
"In the context of Data Privacy, the norm states that everyone has equal access to the benefits of this effort.",Data Privacy,Agent4,agree,Agent4 believes this because it might cause unintended consequences.
"In the context of Education Reform, the norm states that international cooperation is mandatory for success.",Education Reform,Agent1,agree,Agent1 believes this because it is too costly to implement.
"In the context of Education Reform, the norm states that international cooperation is mandatory for success.",Education Reform,Agent2,disagree,Agent2 believes this because it lacks sufficient evidence to support it.
"In the context of Education Reform, the norm states that international cooperation is mandatory for success.",Education Reform,Agent3,neutral,Agent3 believes this because it could infringe on individual freedoms.
"In the context of Education Reform, the norm states that international cooperation is mandatory for success.",Education Reform,Agent4,neutral,Agent4 believes this because it lacks sufficient evidence to support it.
"Regarding Renewable Energy, it is proposed that violators should face legal consequences for non-compliance.",Renewable Energy,Agent1,neutral,Agent1 believes this because it encourages innovation.
"Regarding Renewable Energy, it is proposed that violators should face legal consequences for non-compliance.",Renewable Energy,Agent2,neutral,Agent2 believes this because it is too costly to implement.
"Regarding Renewable Energy, it is proposed that violators should face legal consequences for non-compliance.",Renewable Energy,Agent3,agree,Agent3 believes this because it lacks sufficient evidence to support it.
"Regarding Renewable Energy, it is proposed that violators should face legal consequences for non-compliance.",Renewable Energy,Agent4,disagree,Agent4 believes this because it encourages innovation.
"Regarding Climate Change, it is proposed that international cooperation is mandatory for success.",Climate Change,Agent1,neutral,Agent1 believes this because it might cause unintended consequences.
"Regarding Climate Change, it is proposed that international cooperation is mandatory for success.",Climate Change,Agent2,neutral,Agent2 believes this because it promotes ethical practices.
"Regarding Climate Change, it is proposed that international cooperation is mandatory for success.",Climate Change,Agent3,neutral,Agent3 believes this because it is too costly to implement.
"Regarding Climate Change, it is proposed that international cooperation is mandatory for success.",Climate Change,Agent4,disagree,Agent4 believes this because it encourages innovation.
A new rule in Climate Change suggests that individuals should prioritize this issue over other social problems.,Climate Change,Agent1,agree,Agent1 believes this because it could infringe on individual freedoms.
A new rule in Climate Change suggests that individuals should prioritize this issue over other social problems.,Climate Change,Agent2,agree,Agent2 believes this because it might cause unintended consequences.
A new rule in Climate Change suggests that individuals should prioritize this issue over other social problems.,Climate Change,Agent3,disagree,Agent3 believes this because it reduces inequality.
A new rule in Climate Change suggests that individuals should prioritize this issue over other social problems.,Climate Change,Agent4,disagree,Agent4 believes this because it encourages innovation.
A new rule in Space Exploration suggests that violators should face legal consequences for non-compliance.,Space Exploration,Agent1,neutral,Agent1 believes this because it ensures fairness.
A new rule in Space Exploration suggests that violators should face legal consequences for non-compliance.,Space Exploration,Agent2,agree,Agent2 believes this because it is too costly to implement.
A new rule in Space Exploration suggests that violators should face legal consequences for non-compliance.,Space Exploration,Agent3,neutral,Agent3 believes this because it promotes ethical practices.
A new rule in Space Exploration suggests that violators should face legal consequences for non-compliance.,Space Exploration,Agent4,agree,Agent4 believes this because it lacks sufficient evidence to support it.
A new rule in Climate Change suggests that organizations are required to disclose their related activities publicly.,Climate Change,Agent1,agree,Agent1 believes this because it promotes ethical practices.
A new rule in Climate Change suggests that organizations are required to disclose their related activities publicly.,Climate Change,Agent2,disagree,Agent2 believes this because it lacks sufficient evidence to support it.
A new rule in Climate Change suggests that organizations are required to disclose their related activities publicly.,Climate Change,Agent3,agree,Agent3 believes this because it lacks sufficient evidence to support it.
A new rule in Climate Change suggests that organizations are required to disclose their related activities publicly.,Climate Change,Agent4,agree,Agent4 believes this because it ensures fairness.
A new rule in Space Exploration suggests that there must be strict regulations to prevent misuse.,Space Exploration,Agent1,agree,Agent1 believes this because it is too costly to implement.
A new rule in Space Exploration suggests that there must be strict regulations to prevent misuse.,Space Exploration,Agent2,disagree,Agent2 believes this because it reduces inequality.
A new rule in Space Exploration suggests that there must be strict regulations to prevent misuse.,Space Exploration,Agent3,agree,Agent3 believes this because it promotes ethical practices.
A new rule in Space Exploration suggests that there must be strict regulations to prevent misuse.,Space Exploration,Agent4,neutral,Agent4 believes this because it has significant economic benefits.
"Regarding Universal Basic Income, it is proposed that research must focus on ethical implications first.",Universal Basic Income,Agent1,neutral,Agent1 believes this because it has significant economic benefits.
"Regarding Universal Basic Income, it is proposed that research must focus on ethical implications first.",Universal Basic Income,Agent2,neutral,Agent2 believes this because it aligns with societal values.
"Regarding Universal Basic Income, it is proposed that research must focus on ethical implications first.",Universal Basic Income,Agent3,disagree,Agent3 believes this because it lacks sufficient evidence to support it.
"Regarding Universal Basic Income, it is proposed that research must focus on ethical implications first.",Universal Basic Income,Agent4,disagree,Agent4 believes this because it could infringe on individual freedoms.
"Regarding Climate Change, it is proposed that this effort should not compromise personal freedoms.",Climate Change,Agent1,disagree,Agent1 believes this because it encourages innovation.
"Regarding Climate Change, it is proposed that this effort should not compromise personal freedoms.",Climate Change,Agent2,neutral,Agent2 believes this because it reduces inequality.
"Regarding Climate Change, it is proposed that this effort should not compromise personal freedoms.",Climate Change,Agent3,neutral,Agent3 believes this because it is too costly to implement.
"Regarding Climate Change, it is proposed that this effort should not compromise personal freedoms.",Climate Change,Agent4,agree,Agent4 believes this because it reduces inequality.
"Regarding Universal Basic Income, it is proposed that governments must invest at least 50% of their budget into related technologies.",Universal Basic Income,Agent1,disagree,Agent1 believes this because it aligns with societal values.
"Regarding Universal Basic Income, it is proposed that governments must invest at least 50% of their budget into related technologies.",Universal Basic Income,Agent2,agree,Agent2 believes this because it lacks sufficient evidence to support it.
"Regarding Universal Basic Income, it is proposed that governments must invest at least 50% of their budget into related technologies.",Universal Basic Income,Agent3,agree,Agent3 believes this because it lacks sufficient evidence to support it.
"Regarding Universal Basic Income, it is proposed that governments must invest at least 50% of their budget into related technologies.",Universal Basic Income,Agent4,agree,Agent4 believes this because it lacks sufficient evidence to support it.
"In the context of Universal Basic Income, the norm states that individuals should prioritize this issue over other social problems.",Universal Basic Income,Agent1,agree,Agent1 believes this because it promotes ethical practices.
"In the context of Universal Basic Income, the norm states that individuals should prioritize this issue over other social problems.",Universal Basic Income,Agent2,neutral,Agent2 believes this because it might cause unintended consequences.
"In the context of Universal Basic Income, the norm states that individuals should prioritize this issue over other social problems.",Universal Basic Income,Agent3,neutral,Agent3 believes this because it reduces inequality.
"In the context of Universal Basic Income, the norm states that individuals should prioritize this issue over other social problems.",Universal Basic Income,Agent4,disagree,Agent4 believes this because it aligns with societal values.
"Regarding Freedom of Speech, it is proposed that individuals should prioritize this issue over other social problems.",Freedom of Speech,Agent1,disagree,Agent1 believes this because it might cause unintended consequences.
"Regarding Freedom of Speech, it is proposed that individuals should prioritize this issue over other social problems.",Freedom of Speech,Agent2,neutral,Agent2 believes this because it ensures fairness.
"Regarding Freedom of Speech, it is proposed that individuals should prioritize this issue over other social problems.",Freedom of Speech,Agent3,neutral,Agent3 believes this because it encourages innovation.
"Regarding Freedom of Speech, it is proposed that individuals should prioritize this issue over other social problems.",Freedom of Speech,Agent4,agree,Agent4 believes this because it aligns with societal values.
A new rule in Animal Rights suggests that individuals should prioritize this issue over other social problems.,Animal Rights,Agent1,neutral,Agent1 believes this because it has significant economic benefits.
A new rule in Animal Rights suggests that individuals should prioritize this issue over other social problems.,Animal Rights,Agent2,disagree,Agent2 believes this because it ensures fairness.
A new rule in Animal Rights suggests that individuals should prioritize this issue over other social problems.,Animal Rights,Agent3,disagree,Agent3 believes this because it might cause unintended consequences.
A new rule in Animal Rights suggests that individuals should prioritize this issue over other social problems.,Animal Rights,Agent4,agree,Agent4 believes this because it aligns with societal values.
"In the context of Space Exploration, the norm states that violators should face legal consequences for non-compliance.",Space Exploration,Agent1,disagree,Agent1 believes this because it aligns with societal values.
"In the context of Space Exploration, the norm states that violators should face legal consequences for non-compliance.",Space Exploration,Agent2,agree,Agent2 believes this because it promotes ethical practices.
"In the context of Space Exploration, the norm states that violators should face legal consequences for non-compliance.",Space Exploration,Agent3,agree,Agent3 believes this because it aligns with societal values.
"In the context of Space Exploration, the norm states that violators should face legal consequences for non-compliance.",Space Exploration,Agent4,neutral,Agent4 believes this because it reduces inequality.
A new rule in Freedom of Speech suggests that research must focus on ethical implications first.,Freedom of Speech,Agent1,agree,Agent1 believes this because it is too costly to implement.
A new rule in Freedom of Speech suggests that research must focus on ethical implications first.,Freedom of Speech,Agent2,neutral,Agent2 believes this because it could infringe on individual freedoms.
A new rule in Freedom of Speech suggests that research must focus on ethical implications first.,Freedom of Speech,Agent3,agree,Agent3 believes this because it has significant economic benefits.
A new rule in Freedom of Speech suggests that research must focus on ethical implications first.,Freedom of Speech,Agent4,neutral,Agent4 believes this because it promotes ethical practices.
"In the context of Artificial Intelligence, the norm states that research must focus on ethical implications first.",Artificial Intelligence,Agent1,agree,Agent1 believes this because it has significant economic benefits.
"In the context of Artificial Intelligence, the norm states that research must focus on ethical implications first.",Artificial Intelligence,Agent2,agree,Agent2 believes this because it ensures fairness.
"In the context of Artificial Intelligence, the norm states that research must focus on ethical implications first.",Artificial Intelligence,Agent3,disagree,Agent3 believes this because it might cause unintended consequences.
"In the context of Artificial Intelligence, the norm states that research must focus on ethical implications first.",Artificial Intelligence,Agent4,agree,Agent4 believes this because it promotes ethical practices.
"Regarding Animal Rights, it is proposed that organizations are required to disclose their related activities publicly.",Animal Rights,Agent1,disagree,Agent1 believes this because it lacks sufficient evidence to support it.
"Regarding Animal Rights, it is proposed that organizations are required to disclose their related activities publicly.",Animal Rights,Agent2,agree,Agent2 believes this because it promotes ethical practices.
"Regarding Animal Rights, it is proposed that organizations are required to disclose their related activities publicly.",Animal Rights,Agent3,neutral,Agent3 believes this because it promotes ethical practices.
"Regarding Animal Rights, it is proposed that organizations are required to disclose their related activities publicly.",Animal Rights,Agent4,disagree,Agent4 believes this because it lacks sufficient evidence to support it.
A new rule in Artificial Intelligence suggests that international cooperation is mandatory for success.,Artificial Intelligence,Agent1,neutral,Agent1 believes this because it has significant economic benefits.
A new rule in Artificial Intelligence suggests that international cooperation is mandatory for success.,Artificial Intelligence,Agent2,disagree,Agent2 believes this because it has significant economic benefits.
A new rule in Artificial Intelligence suggests that international cooperation is mandatory for success.,Artificial Intelligence,Agent3,neutral,Agent3 believes this because it lacks sufficient evidence to support it.
A new rule in Artificial Intelligence suggests that international cooperation is mandatory for success.,Artificial Intelligence,Agent4,agree,Agent4 believes this because it aligns with societal values.
A new rule in Universal Basic Income suggests that communities are encouraged to take grassroots actions.,Universal Basic Income,Agent1,neutral,Agent1 believes this because it aligns with societal values.
A new rule in Universal Basic Income suggests that communities are encouraged to take grassroots actions.,Universal Basic Income,Agent2,neutral,Agent2 believes this because it promotes ethical practices.
A new rule in Universal Basic Income suggests that communities are encouraged to take grassroots actions.,Universal Basic Income,Agent3,disagree,Agent3 believes this because it promotes ethical practices.
A new rule in Universal Basic Income suggests that communities are encouraged to take grassroots actions.,Universal Basic Income,Agent4,neutral,Agent4 believes this because it aligns with societal values.
A new rule in Climate Change suggests that individuals should prioritize this issue over other social problems.,Climate Change,Agent1,agree,Agent1 believes this because it promotes ethical practices.
A new rule in Climate Change suggests that individuals should prioritize this issue over other social problems.,Climate Change,Agent2,neutral,Agent2 believes this because it aligns with societal values.
A new rule in Climate Change suggests that individuals should prioritize this issue over other social problems.,Climate Change,Agent3,agree,Agent3 believes this because it promotes ethical practices.
A new rule in Climate Change suggests that individuals should prioritize this issue over other social problems.,Climate Change,Agent4,agree,Agent4 believes this because it has significant economic benefits.
"Regarding Healthcare Accessibility, it is proposed that this effort should not compromise personal freedoms.",Healthcare Accessibility,Agent1,neutral,Agent1 believes this because it encourages innovation.
"Regarding Healthcare Accessibility, it is proposed that this effort should not compromise personal freedoms.",Healthcare Accessibility,Agent2,disagree,Agent2 believes this because it lacks sufficient evidence to support it.
"Regarding Healthcare Accessibility, it is proposed that this effort should not compromise personal freedoms.",Healthcare Accessibility,Agent3,agree,Agent3 believes this because it reduces inequality.
"Regarding Healthcare Accessibility, it is proposed that this effort should not compromise personal freedoms.",Healthcare Accessibility,Agent4,agree,Agent4 believes this because it has significant economic benefits.
"Regarding Climate Change, it is proposed that governments must invest at least 50% of their budget into related technologies.",Climate Change,Agent1,neutral,Agent1 believes this because it might cause unintended consequences.
"Regarding Climate Change, it is proposed that governments must invest at least 50% of their budget into related technologies.",Climate Change,Agent2,agree,Agent2 believes this because it encourages innovation.
"Regarding Climate Change, it is proposed that governments must invest at least 50% of their budget into related technologies.",Climate Change,Agent3,agree,Agent3 believes this because it promotes ethical practices.
"Regarding Climate Change, it is proposed that governments must invest at least 50% of their budget into related technologies.",Climate Change,Agent4,agree,Agent4 believes this because it might cause unintended consequences.
"In the context of Space Exploration, the norm states that organizations are required to disclose their related activities publicly.",Space Exploration,Agent1,disagree,Agent1 believes this because it encourages innovation.
"In the context of Space Exploration, the norm states that organizations are required to disclose their related activities publicly.",Space Exploration,Agent2,neutral,Agent2 believes this because it aligns with societal values.
"In the context of Space Exploration, the norm states that organizations are required to disclose their related activities publicly.",Space Exploration,Agent3,neutral,Agent3 believes this because it is too costly to implement.
"In the context of Space Exploration, the norm states that organizations are required to disclose their related activities publicly.",Space Exploration,Agent4,neutral,Agent4 believes this because it ensures fairness.
A new rule in Data Privacy suggests that everyone has equal access to the benefits of this effort.,Data Privacy,Agent1,disagree,Agent1 believes this because it could infringe on individual freedoms.
A new rule in Data Privacy suggests that everyone has equal access to the benefits of this effort.,Data Privacy,Agent2,disagree,Agent2 believes this because it has significant economic benefits.
A new rule in Data Privacy suggests that everyone has equal access to the benefits of this effort.,Data Privacy,Agent3,neutral,Agent3 believes this because it promotes ethical practices.
A new rule in Data Privacy suggests that everyone has equal access to the benefits of this effort.,Data Privacy,Agent4,neutral,Agent4 believes this because it ensures fairness.
"In the context of Universal Basic Income, the norm states that international cooperation is mandatory for success.",Universal Basic Income,Agent1,agree,Agent1 believes this because it lacks sufficient evidence to support it.
"In the context of Universal Basic Income, the norm states that international cooperation is mandatory for success.",Universal Basic Income,Agent2,disagree,Agent2 believes this because it encourages innovation.
"In the context of Universal Basic Income, the norm states that international cooperation is mandatory for success.",Universal Basic Income,Agent3,disagree,Agent3 believes this because it reduces inequality.
"In the context of Universal Basic Income, the norm states that international cooperation is mandatory for success.",Universal Basic Income,Agent4,disagree,Agent4 believes this because it is too costly to implement.
"Regarding Universal Basic Income, it is proposed that violators should face legal consequences for non-compliance.",Universal Basic Income,Agent1,agree,Agent1 believes this because it ensures fairness.
"Regarding Universal Basic Income, it is proposed that violators should face legal consequences for non-compliance.",Universal Basic Income,Agent2,agree,Agent2 believes this because it promotes ethical practices.
"Regarding Universal Basic Income, it is proposed that violators should face legal consequences for non-compliance.",Universal Basic Income,Agent3,neutral,Agent3 believes this because it could infringe on individual freedoms.
"Regarding Universal Basic Income, it is proposed that violators should face legal consequences for non-compliance.",Universal Basic Income,Agent4,disagree,Agent4 believes this because it could infringe on individual freedoms.
"In the context of Universal Basic Income, the norm states that international cooperation is mandatory for success.",Universal Basic Income,Agent1,disagree,Agent1 believes this because it promotes ethical practices.
"In the context of Universal Basic Income, the norm states that international cooperation is mandatory for success.",Universal Basic Income,Agent2,agree,Agent2 believes this because it ensures fairness.
"In the context of Universal Basic Income, the norm states that international cooperation is mandatory for success.",Universal Basic Income,Agent3,neutral,Agent3 believes this because it ensures fairness.
"In the context of Universal Basic Income, the norm states that international cooperation is mandatory for success.",Universal Basic Income,Agent4,neutral,Agent4 believes this because it could infringe on individual freedoms.
"In the context of Universal Basic Income, the norm states that everyone has equal access to the benefits of this effort.",Universal Basic Income,Agent1,neutral,Agent1 believes this because it might cause unintended consequences.
"In the context of Universal Basic Income, the norm states that everyone has equal access to the benefits of this effort.",Universal Basic Income,Agent2,disagree,Agent2 believes this because it reduces inequality.
"In the context of Universal Basic Income, the norm states that everyone has equal access to the benefits of this effort.",Universal Basic Income,Agent3,disagree,Agent3 believes this because it promotes ethical practices.
"In the context of Universal Basic Income, the norm states that everyone has equal access to the benefits of this effort.",Universal Basic Income,Agent4,agree,Agent4 believes this because it might cause unintended consequences.
A new rule in Data Privacy suggests that organizations are required to disclose their related activities publicly.,Data Privacy,Agent1,disagree,Agent1 believes this because it is too costly to implement.
A new rule in Data Privacy suggests that organizations are required to disclose their related activities publicly.,Data Privacy,Agent2,agree,Agent2 believes this because it ensures fairness.
A new rule in Data Privacy suggests that organizations are required to disclose their related activities publicly.,Data Privacy,Agent3,agree,Agent3 believes this because it ensures fairness.
A new rule in Data Privacy suggests that organizations are required to disclose their related activities publicly.,Data Privacy,Agent4,disagree,Agent4 believes this because it is too costly to implement.
"In the context of Healthcare Accessibility, the norm states that organizations are required to disclose their related activities publicly.",Healthcare Accessibility,Agent1,disagree,Agent1 believes this because it could infringe on individual freedoms.
"In the context of Healthcare Accessibility, the norm states that organizations are required to disclose their related activities publicly.",Healthcare Accessibility,Agent2,agree,Agent2 believes this because it could infringe on individual freedoms.
"In the context of Healthcare Accessibility, the norm states that organizations are required to disclose their related activities publicly.",Healthcare Accessibility,Agent3,neutral,Agent3 believes this because it might cause unintended consequences.
"In the context of Healthcare Accessibility, the norm states that organizations are required to disclose their related activities publicly.",Healthcare Accessibility,Agent4,neutral,Agent4 believes this because it promotes ethical practices.
"In the context of Space Exploration, the norm states that organizations are required to disclose their related activities publicly.",Space Exploration,Agent1,neutral,Agent1 believes this because it promotes ethical practices.
"In the context of Space Exploration, the norm states that organizations are required to disclose their related activities publicly.",Space Exploration,Agent2,disagree,Agent2 believes this because it promotes ethical practices.
"In the context of Space Exploration, the norm states that organizations are required to disclose their related activities publicly.",Space Exploration,Agent3,agree,Agent3 believes this because it has significant economic benefits.
"In the context of Space Exploration, the norm states that organizations are required to disclose their related activities publicly.",Space Exploration,Agent4,agree,Agent4 believes this because it is too costly to implement.
"Regarding Freedom of Speech, it is proposed that this effort should not compromise personal freedoms.",Freedom of Speech,Agent1,neutral,Agent1 believes this because it has significant economic benefits.
"Regarding Freedom of Speech, it is proposed that this effort should not compromise personal freedoms.",Freedom of Speech,Agent2,neutral,Agent2 believes this because it is too costly to implement.
"Regarding Freedom of Speech, it is proposed that this effort should not compromise personal freedoms.",Freedom of Speech,Agent3,agree,Agent3 believes this because it reduces inequality.
"Regarding Freedom of Speech, it is proposed that this effort should not compromise personal freedoms.",Freedom of Speech,Agent4,disagree,Agent4 believes this because it has significant economic benefits.
A new rule in Healthcare Accessibility suggests that this effort should not compromise personal freedoms.,Healthcare Accessibility,Agent1,disagree,Agent1 believes this because it could infringe on individual freedoms.
A new rule in Healthcare Accessibility suggests that this effort should not compromise personal freedoms.,Healthcare Accessibility,Agent2,agree,Agent2 believes this because it might cause unintended consequences.
A new rule in Healthcare Accessibility suggests that this effort should not compromise personal freedoms.,Healthcare Accessibility,Agent3,neutral,Agent3 believes this because it might cause unintended consequences.
A new rule in Healthcare Accessibility suggests that this effort should not compromise personal freedoms.,Healthcare Accessibility,Agent4,neutral,Agent4 believes this because it is too costly to implement.
"In the context of Artificial Intelligence, the norm states that individuals should prioritize this issue over other social problems.",Artificial Intelligence,Agent1,agree,Agent1 believes this because it lacks sufficient evidence to support it.
"In the context of Artificial Intelligence, the norm states that individuals should prioritize this issue over other social problems.",Artificial Intelligence,Agent2,agree,Agent2 believes this because it could infringe on individual freedoms.
"In the context of Artificial Intelligence, the norm states that individuals should prioritize this issue over other social problems.",Artificial Intelligence,Agent3,disagree,Agent3 believes this because it could infringe on individual freedoms.
"In the context of Artificial Intelligence, the norm states that individuals should prioritize this issue over other social problems.",Artificial Intelligence,Agent4,agree,Agent4 believes this because it encourages innovation.
"Regarding Animal Rights, it is proposed that this effort should not compromise personal freedoms.",Animal Rights,Agent1,disagree,Agent1 believes this because it is too costly to implement.
"Regarding Animal Rights, it is proposed that this effort should not compromise personal freedoms.",Animal Rights,Agent2,agree,Agent2 believes this because it might cause unintended consequences.
"Regarding Animal Rights, it is proposed that this effort should not compromise personal freedoms.",Animal Rights,Agent3,agree,Agent3 believes this because it ensures fairness.
"Regarding Animal Rights, it is proposed that this effort should not compromise personal freedoms.",Animal Rights,Agent4,agree,Agent4 believes this because it reduces inequality.
"Regarding Space Exploration, it is proposed that communities are encouraged to take grassroots actions.",Space Exploration,Agent1,neutral,Agent1 believes this because it is too costly to implement.
"Regarding Space Exploration, it is proposed that communities are encouraged to take grassroots actions.",Space Exploration,Agent2,disagree,Agent2 believes this because it ensures fairness.
"Regarding Space Exploration, it is proposed that communities are encouraged to take grassroots actions.",Space Exploration,Agent3,neutral,Agent3 believes this because it has significant economic benefits.
"Regarding Space Exploration, it is proposed that communities are encouraged to take grassroots actions.",Space Exploration,Agent4,disagree,Agent4 believes this because it promotes ethical practices.
"In the context of Universal Basic Income, the norm states that governments must invest at least 50% of their budget into related technologies.",Universal Basic Income,Agent1,neutral,Agent1 believes this because it might cause unintended consequences.
"In the context of Universal Basic Income, the norm states that governments must invest at least 50% of their budget into related technologies.",Universal Basic Income,Agent2,neutral,Agent2 believes this because it reduces inequality.
"In the context of Universal Basic Income, the norm states that governments must invest at least 50% of their budget into related technologies.",Universal Basic Income,Agent3,disagree,Agent3 believes this because it ensures fairness.
"In the context of Universal Basic Income, the norm states that governments must invest at least 50% of their budget into related technologies.",Universal Basic Income,Agent4,neutral,Agent4 believes this because it has significant economic benefits.
A new rule in Freedom of Speech suggests that individuals should prioritize this issue over other social problems.,Freedom of Speech,Agent1,disagree,Agent1 believes this because it might cause unintended consequences.
A new rule in Freedom of Speech suggests that individuals should prioritize this issue over other social problems.,Freedom of Speech,Agent2,disagree,Agent2 believes this because it aligns with societal values.
A new rule in Freedom of Speech suggests that individuals should prioritize this issue over other social problems.,Freedom of Speech,Agent3,disagree,Agent3 believes this because it has significant economic benefits.
A new rule in Freedom of Speech suggests that individuals should prioritize this issue over other social problems.,Freedom of Speech,Agent4,agree,Agent4 believes this because it reduces inequality.
"Regarding Education Reform, it is proposed that international cooperation is mandatory for success.",Education Reform,Agent1,neutral,Agent1 believes this because it lacks sufficient evidence to support it.
"Regarding Education Reform, it is proposed that international cooperation is mandatory for success.",Education Reform,Agent2,agree,Agent2 believes this because it could infringe on individual freedoms.
"Regarding Education Reform, it is proposed that international cooperation is mandatory for success.",Education Reform,Agent3,agree,Agent3 believes this because it lacks sufficient evidence to support it.
"Regarding Education Reform, it is proposed that international cooperation is mandatory for success.",Education Reform,Agent4,agree,Agent4 believes this because it could infringe on individual freedoms.
A new rule in Universal Basic Income suggests that international cooperation is mandatory for success.,Universal Basic Income,Agent1,neutral,Agent1 believes this because it could infringe on individual freedoms.
A new rule in Universal Basic Income suggests that international cooperation is mandatory for success.,Universal Basic Income,Agent2,neutral,Agent2 believes this because it encourages innovation.
A new rule in Universal Basic Income suggests that international cooperation is mandatory for success.,Universal Basic Income,Agent3,disagree,Agent3 believes this because it encourages innovation.
A new rule in Universal Basic Income suggests that international cooperation is mandatory for success.,Universal Basic Income,Agent4,disagree,Agent4 believes this because it aligns with societal values.
"Regarding Artificial Intelligence, it is proposed that governments must invest at least 50% of their budget into related technologies.",Artificial Intelligence,Agent1,neutral,Agent1 believes this because it aligns with societal values.
"Regarding Artificial Intelligence, it is proposed that governments must invest at least 50% of their budget into related technologies.",Artificial Intelligence,Agent2,disagree,Agent2 believes this because it reduces inequality.
"Regarding Artificial Intelligence, it is proposed that governments must invest at least 50% of their budget into related technologies.",Artificial Intelligence,Agent3,agree,Agent3 believes this because it is too costly to implement.
"Regarding Artificial Intelligence, it is proposed that governments must invest at least 50% of their budget into related technologies.",Artificial Intelligence,Agent4,disagree,Agent4 believes this because it ensures fairness.
A new rule in Universal Basic Income suggests that violators should face legal consequences for non-compliance.,Universal Basic Income,Agent1,agree,Agent1 believes this because it encourages innovation.
A new rule in Universal Basic Income suggests that violators should face legal consequences for non-compliance.,Universal Basic Income,Agent2,neutral,Agent2 believes this because it encourages innovation.
A new rule in Universal Basic Income suggests that violators should face legal consequences for non-compliance.,Universal Basic Income,Agent3,disagree,Agent3 believes this because it lacks sufficient evidence to support it.
A new rule in Universal Basic Income suggests that violators should face legal consequences for non-compliance.,Universal Basic Income,Agent4,agree,Agent4 believes this because it lacks sufficient evidence to support it.
"Regarding Artificial Intelligence, it is proposed that international cooperation is mandatory for success.",Artificial Intelligence,Agent1,agree,Agent1 believes this because it has significant economic benefits.
"Regarding Artificial Intelligence, it is proposed that international cooperation is mandatory for success.",Artificial Intelligence,Agent2,agree,Agent2 believes this because it has significant economic benefits.
"Regarding Artificial Intelligence, it is proposed that international cooperation is mandatory for success.",Artificial Intelligence,Agent3,agree,Agent3 believes this because it ensures fairness.
"Regarding Artificial Intelligence, it is proposed that international cooperation is mandatory for success.",Artificial Intelligence,Agent4,disagree,Agent4 believes this because it reduces inequality.
"In the context of Climate Change, the norm states that violators should face legal consequences for non-compliance.",Climate Change,Agent1,agree,Agent1 believes this because it promotes ethical practices.
"In the context of Climate Change, the norm states that violators should face legal consequences for non-compliance.",Climate Change,Agent2,agree,Agent2 believes this because it ensures fairness.
"In the context of Climate Change, the norm states that violators should face legal consequences for non-compliance.",Climate Change,Agent3,disagree,Agent3 believes this because it promotes ethical practices.
"In the context of Climate Change, the norm states that violators should face legal consequences for non-compliance.",Climate Change,Agent4,neutral,Agent4 believes this because it might cause unintended consequences.
"In the context of Education Reform, the norm states that communities are encouraged to take grassroots actions.",Education Reform,Agent1,neutral,Agent1 believes this because it aligns with societal values.
"In the context of Education Reform, the norm states that communities are encouraged to take grassroots actions.",Education Reform,Agent2,disagree,Agent2 believes this because it promotes ethical practices.
"In the context of Education Reform, the norm states that communities are encouraged to take grassroots actions.",Education Reform,Agent3,agree,Agent3 believes this because it could infringe on individual freedoms.
"In the context of Education Reform, the norm states that communities are encouraged to take grassroots actions.",Education Reform,Agent4,disagree,Agent4 believes this because it encourages innovation.
"In the context of Universal Basic Income, the norm states that there must be strict regulations to prevent misuse.",Universal Basic Income,Agent1,neutral,Agent1 believes this because it has significant economic benefits.
"In the context of Universal Basic Income, the norm states that there must be strict regulations to prevent misuse.",Universal Basic Income,Agent2,agree,Agent2 believes this because it ensures fairness.
"In the context of Universal Basic Income, the norm states that there must be strict regulations to prevent misuse.",Universal Basic Income,Agent3,neutral,Agent3 believes this because it lacks sufficient evidence to support it.
"In the context of Universal Basic Income, the norm states that there must be strict regulations to prevent misuse.",Universal Basic Income,Agent4,neutral,Agent4 believes this because it ensures fairness.
"In the context of Healthcare Accessibility, the norm states that organizations are required to disclose their related activities publicly.",Healthcare Accessibility,Agent1,disagree,Agent1 believes this because it encourages innovation.
"In the context of Healthcare Accessibility, the norm states that organizations are required to disclose their related activities publicly.",Healthcare Accessibility,Agent2,neutral,Agent2 believes this because it reduces inequality.
"In the context of Healthcare Accessibility, the norm states that organizations are required to disclose their related activities publicly.",Healthcare Accessibility,Agent3,disagree,Agent3 believes this because it could infringe on individual freedoms.
"In the context of Healthcare Accessibility, the norm states that organizations are required to disclose their related activities publicly.",Healthcare Accessibility,Agent4,disagree,Agent4 believes this because it reduces inequality.
A new rule in Freedom of Speech suggests that everyone has equal access to the benefits of this effort.,Freedom of Speech,Agent1,disagree,Agent1 believes this because it aligns with societal values.
A new rule in Freedom of Speech suggests that everyone has equal access to the benefits of this effort.,Freedom of Speech,Agent2,agree,Agent2 believes this because it could infringe on individual freedoms.
A new rule in Freedom of Speech suggests that everyone has equal access to the benefits of this effort.,Freedom of Speech,Agent3,agree,Agent3 believes this because it might cause unintended consequences.
A new rule in Freedom of Speech suggests that everyone has equal access to the benefits of this effort.,Freedom of Speech,Agent4,neutral,Agent4 believes this because it promotes ethical practices.
"Regarding Healthcare Accessibility, it is proposed that individuals should prioritize this issue over other social problems.",Healthcare Accessibility,Agent1,disagree,Agent1 believes this because it encourages innovation.
"Regarding Healthcare Accessibility, it is proposed that individuals should prioritize this issue over other social problems.",Healthcare Accessibility,Agent2,agree,Agent2 believes this because it encourages innovation.
"Regarding Healthcare Accessibility, it is proposed that individuals should prioritize this issue over other social problems.",Healthcare Accessibility,Agent3,disagree,Agent3 believes this because it aligns with societal values.
"Regarding Healthcare Accessibility, it is proposed that individuals should prioritize this issue over other social problems.",Healthcare Accessibility,Agent4,disagree,Agent4 believes this because it reduces inequality.
"In the context of Artificial Intelligence, the norm states that research must focus on ethical implications first.",Artificial Intelligence,Agent1,disagree,Agent1 believes this because it could infringe on individual freedoms.
"In the context of Artificial Intelligence, the norm states that research must focus on ethical implications first.",Artificial Intelligence,Agent2,agree,Agent2 believes this because it promotes ethical practices.
"In the context of Artificial Intelligence, the norm states that research must focus on ethical implications first.",Artificial Intelligence,Agent3,neutral,Agent3 believes this because it is too costly to implement.
"In the context of Artificial Intelligence, the norm states that research must focus on ethical implications first.",Artificial Intelligence,Agent4,agree,Agent4 believes this because it might cause unintended consequences.
"Regarding Freedom of Speech, it is proposed that organizations are required to disclose their related activities publicly.",Freedom of Speech,Agent1,disagree,Agent1 believes this because it lacks sufficient evidence to support it.
"Regarding Freedom of Speech, it is proposed that organizations are required to disclose their related activities publicly.",Freedom of Speech,Agent2,agree,Agent2 believes this because it lacks sufficient evidence to support it.
"Regarding Freedom of Speech, it is proposed that organizations are required to disclose their related activities publicly.",Freedom of Speech,Agent3,disagree,Agent3 believes this because it reduces inequality.
"Regarding Freedom of Speech, it is proposed that organizations are required to disclose their related activities publicly.",Freedom of Speech,Agent4,neutral,Agent4 believes this because it has significant economic benefits.
"In the context of Education Reform, the norm states that organizations are required to disclose their related activities publicly.",Education Reform,Agent1,neutral,Agent1 believes this because it promotes ethical practices.
"In the context of Education Reform, the norm states that organizations are required to disclose their related activities publicly.",Education Reform,Agent2,neutral,Agent2 believes this because it reduces inequality.
"In the context of Education Reform, the norm states that organizations are required to disclose their related activities publicly.",Education Reform,Agent3,disagree,Agent3 believes this because it encourages innovation.
"In the context of Education Reform, the norm states that organizations are required to disclose their related activities publicly.",Education Reform,Agent4,agree,Agent4 believes this because it encourages innovation.
"In the context of Education Reform, the norm states that there must be strict regulations to prevent misuse.",Education Reform,Agent1,agree,Agent1 believes this because it lacks sufficient evidence to support it.
"In the context of Education Reform, the norm states that there must be strict regulations to prevent misuse.",Education Reform,Agent2,neutral,Agent2 believes this because it ensures fairness.
"In the context of Education Reform, the norm states that there must be strict regulations to prevent misuse.",Education Reform,Agent3,neutral,Agent3 believes this because it has significant economic benefits.
"In the context of Education Reform, the norm states that there must be strict regulations to prevent misuse.",Education Reform,Agent4,neutral,Agent4 believes this because it promotes ethical practices.
"Regarding Freedom of Speech, it is proposed that this effort should not compromise personal freedoms.",Freedom of Speech,Agent1,neutral,Agent1 believes this because it might cause unintended consequences.
"Regarding Freedom of Speech, it is proposed that this effort should not compromise personal freedoms.",Freedom of Speech,Agent2,agree,Agent2 believes this because it could infringe on individual freedoms.
"Regarding Freedom of Speech, it is proposed that this effort should not compromise personal freedoms.",Freedom of Speech,Agent3,agree,Agent3 believes this because it aligns with societal values.
"Regarding Freedom of Speech, it is proposed that this effort should not compromise personal freedoms.",Freedom of Speech,Agent4,agree,Agent4 believes this because it encourages innovation.
"Regarding Space Exploration, it is proposed that violators should face legal consequences for non-compliance.",Space Exploration,Agent1,neutral,Agent1 believes this because it could infringe on individual freedoms.
"Regarding Space Exploration, it is proposed that violators should face legal consequences for non-compliance.",Space Exploration,Agent2,agree,Agent2 believes this because it lacks sufficient evidence to support it.
"Regarding Space Exploration, it is proposed that violators should face legal consequences for non-compliance.",Space Exploration,Agent3,neutral,Agent3 believes this because it reduces inequality.
"Regarding Space Exploration, it is proposed that violators should face legal consequences for non-compliance.",Space Exploration,Agent4,neutral,Agent4 believes this because it ensures fairness.
A new rule in Animal Rights suggests that research must focus on ethical implications first.,Animal Rights,Agent1,disagree,Agent1 believes this because it has significant economic benefits.
A new rule in Animal Rights suggests that research must focus on ethical implications first.,Animal Rights,Agent2,neutral,Agent2 believes this because it might cause unintended consequences.
A new rule in Animal Rights suggests that research must focus on ethical implications first.,Animal Rights,Agent3,disagree,Agent3 believes this because it ensures fairness.
A new rule in Animal Rights suggests that research must focus on ethical implications first.,Animal Rights,Agent4,neutral,Agent4 believes this because it lacks sufficient evidence to support it.
"Regarding Renewable Energy, it is proposed that there must be strict regulations to prevent misuse.",Renewable Energy,Agent1,agree,Agent1 believes this because it might cause unintended consequences.
"Regarding Renewable Energy, it is proposed that there must be strict regulations to prevent misuse.",Renewable Energy,Agent2,agree,Agent2 believes this because it lacks sufficient evidence to support it.
"Regarding Renewable Energy, it is proposed that there must be strict regulations to prevent misuse.",Renewable Energy,Agent3,neutral,Agent3 believes this because it lacks sufficient evidence to support it.
"Regarding Renewable Energy, it is proposed that there must be strict regulations to prevent misuse.",Renewable Energy,Agent4,agree,Agent4 believes this because it might cause unintended consequences.
"Regarding Animal Rights, it is proposed that communities are encouraged to take grassroots actions.",Animal Rights,Agent1,agree,Agent1 believes this because it encourages innovation.
"Regarding Animal Rights, it is proposed that communities are encouraged to take grassroots actions.",Animal Rights,Agent2,neutral,Agent2 believes this because it aligns with societal values.
"Regarding Animal Rights, it is proposed that communities are encouraged to take grassroots actions.",Animal Rights,Agent3,neutral,Agent3 believes this because it ensures fairness.
"Regarding Animal Rights, it is proposed that communities are encouraged to take grassroots actions.",Animal Rights,Agent4,disagree,Agent4 believes this because it might cause unintended consequences.
"Regarding Healthcare Accessibility, it is proposed that organizations are required to disclose their related activities publicly.",Healthcare Accessibility,Agent1,neutral,Agent1 believes this because it might cause unintended consequences.
"Regarding Healthcare Accessibility, it is proposed that organizations are required to disclose their related activities publicly.",Healthcare Accessibility,Agent2,agree,Agent2 believes this because it reduces inequality.
"Regarding Healthcare Accessibility, it is proposed that organizations are required to disclose their related activities publicly.",Healthcare Accessibility,Agent3,disagree,Agent3 believes this because it promotes ethical practices.
"Regarding Healthcare Accessibility, it is proposed that organizations are required to disclose their related activities publicly.",Healthcare Accessibility,Agent4,agree,Agent4 believes this because it lacks sufficient evidence to support it.
A new rule in Universal Basic Income suggests that individuals should prioritize this issue over other social problems.,Universal Basic Income,Agent1,neutral,Agent1 believes this because it has significant economic benefits.
A new rule in Universal Basic Income suggests that individuals should prioritize this issue over other social problems.,Universal Basic Income,Agent2,disagree,Agent2 believes this because it aligns with societal values.
A new rule in Universal Basic Income suggests that individuals should prioritize this issue over other social problems.,Universal Basic Income,Agent3,disagree,Agent3 believes this because it encourages innovation.
A new rule in Universal Basic Income suggests that individuals should prioritize this issue over other social problems.,Universal Basic Income,Agent4,disagree,Agent4 believes this because it lacks sufficient evidence to support it.
"Regarding Freedom of Speech, it is proposed that everyone has equal access to the benefits of this effort.",Freedom of Speech,Agent1,agree,Agent1 believes this because it is too costly to implement.
"Regarding Freedom of Speech, it is proposed that everyone has equal access to the benefits of this effort.",Freedom of Speech,Agent2,agree,Agent2 believes this because it reduces inequality.
"Regarding Freedom of Speech, it is proposed that everyone has equal access to the benefits of this effort.",Freedom of Speech,Agent3,agree,Agent3 believes this because it encourages innovation.
"Regarding Freedom of Speech, it is proposed that everyone has equal access to the benefits of this effort.",Freedom of Speech,Agent4,neutral,Agent4 believes this because it has significant economic benefits.
A new rule in Universal Basic Income suggests that governments must invest at least 50% of their budget into related technologies.,Universal Basic Income,Agent1,disagree,Agent1 believes this because it might cause unintended consequences.
A new rule in Universal Basic Income suggests that governments must invest at least 50% of their budget into related technologies.,Universal Basic Income,Agent2,agree,Agent2 believes this because it lacks sufficient evidence to support it.
A new rule in Universal Basic Income suggests that governments must invest at least 50% of their budget into related technologies.,Universal Basic Income,Agent3,agree,Agent3 believes this because it has significant economic benefits.
A new rule in Universal Basic Income suggests that governments must invest at least 50% of their budget into related technologies.,Universal Basic Income,Agent4,agree,Agent4 believes this because it might cause unintended consequences.
"In the context of Data Privacy, the norm states that individuals should prioritize this issue over other social problems.",Data Privacy,Agent1,neutral,Agent1 believes this because it lacks sufficient evidence to support it.
"In the context of Data Privacy, the norm states that individuals should prioritize this issue over other social problems.",Data Privacy,Agent2,agree,Agent2 believes this because it ensures fairness.
"In the context of Data Privacy, the norm states that individuals should prioritize this issue over other social problems.",Data Privacy,Agent3,neutral,Agent3 believes this because it promotes ethical practices.
"In the context of Data Privacy, the norm states that individuals should prioritize this issue over other social problems.",Data Privacy,Agent4,neutral,Agent4 believes this because it has significant economic benefits.
"Regarding Data Privacy, it is proposed that individuals should prioritize this issue over other social problems.",Data Privacy,Agent1,neutral,Agent1 believes this because it promotes ethical practices.
"Regarding Data Privacy, it is proposed that individuals should prioritize this issue over other social problems.",Data Privacy,Agent2,agree,Agent2 believes this because it ensures fairness.
"Regarding Data Privacy, it is proposed that individuals should prioritize this issue over other social problems.",Data Privacy,Agent3,agree,Agent3 believes this because it ensures fairness.
"Regarding Data Privacy, it is proposed that individuals should prioritize this issue over other social problems.",Data Privacy,Agent4,neutral,Agent4 believes this because it lacks sufficient evidence to support it.
"In the context of Renewable Energy, the norm states that communities are encouraged to take grassroots actions.",Renewable Energy,Agent1,neutral,Agent1 believes this because it ensures fairness.
"In the context of Renewable Energy, the norm states that communities are encouraged to take grassroots actions.",Renewable Energy,Agent2,neutral,Agent2 believes this because it ensures fairness.
"In the context of Renewable Energy, the norm states that communities are encouraged to take grassroots actions.",Renewable Energy,Agent3,disagree,Agent3 believes this because it ensures fairness.
"In the context of Renewable Energy, the norm states that communities are encouraged to take grassroots actions.",Renewable Energy,Agent4,disagree,Agent4 believes this because it lacks sufficient evidence to support it.
"Regarding Climate Change, it is proposed that violators should face legal consequences for non-compliance.",Climate Change,Agent1,disagree,Agent1 believes this because it ensures fairness.
"Regarding Climate Change, it is proposed that violators should face legal consequences for non-compliance.",Climate Change,Agent2,neutral,Agent2 believes this because it might cause unintended consequences.
"Regarding Climate Change, it is proposed that violators should face legal consequences for non-compliance.",Climate Change,Agent3,disagree,Agent3 believes this because it might cause unintended consequences.
"Regarding Climate Change, it is proposed that violators should face legal consequences for non-compliance.",Climate Change,Agent4,neutral,Agent4 believes this because it encourages innovation.
"Regarding Data Privacy, it is proposed that communities are encouraged to take grassroots actions.",Data Privacy,Agent1,neutral,Agent1 believes this because it might cause unintended consequences.
"Regarding Data Privacy, it is proposed that communities are encouraged to take grassroots actions.",Data Privacy,Agent2,neutral,Agent2 believes this because it is too costly to implement.
"Regarding Data Privacy, it is proposed that communities are encouraged to take grassroots actions.",Data Privacy,Agent3,agree,Agent3 believes this because it ensures fairness.
"Regarding Data Privacy, it is proposed that communities are encouraged to take grassroots actions.",Data Privacy,Agent4,disagree,Agent4 believes this because it reduces inequality.
"Regarding Universal Basic Income, it is proposed that organizations are required to disclose their related activities publicly.",Universal Basic Income,Agent1,disagree,Agent1 believes this because it lacks sufficient evidence to support it.
"Regarding Universal Basic Income, it is proposed that organizations are required to disclose their related activities publicly.",Universal Basic Income,Agent2,neutral,Agent2 believes this because it lacks sufficient evidence to support it.
"Regarding Universal Basic Income, it is proposed that organizations are required to disclose their related activities publicly.",Universal Basic Income,Agent3,disagree,Agent3 believes this because it could infringe on individual freedoms.
"Regarding Universal Basic Income, it is proposed that organizations are required to disclose their related activities publicly.",Universal Basic Income,Agent4,agree,Agent4 believes this because it encourages innovation.
"In the context of Climate Change, the norm states that international cooperation is mandatory for success.",Climate Change,Agent1,disagree,Agent1 believes this because it might cause unintended consequences.
"In the context of Climate Change, the norm states that international cooperation is mandatory for success.",Climate Change,Agent2,agree,Agent2 believes this because it promotes ethical practices.
"In the context of Climate Change, the norm states that international cooperation is mandatory for success.",Climate Change,Agent3,disagree,Agent3 believes this because it might cause unintended consequences.
"In the context of Climate Change, the norm states that international cooperation is mandatory for success.",Climate Change,Agent4,disagree,Agent4 believes this because it has significant economic benefits.
"Regarding Space Exploration, it is proposed that international cooperation is mandatory for success.",Space Exploration,Agent1,disagree,Agent1 believes this because it promotes ethical practices.
"Regarding Space Exploration, it is proposed that international cooperation is mandatory for success.",Space Exploration,Agent2,disagree,Agent2 believes this because it might cause unintended consequences.
"Regarding Space Exploration, it is proposed that international cooperation is mandatory for success.",Space Exploration,Agent3,disagree,Agent3 believes this because it has significant economic benefits.
"Regarding Space Exploration, it is proposed that international cooperation is mandatory for success.",Space Exploration,Agent4,neutral,Agent4 believes this because it reduces inequality.
"Regarding Animal Rights, it is proposed that everyone has equal access to the benefits of this effort.",Animal Rights,Agent1,agree,Agent1 believes this because it reduces inequality.
"Regarding Animal Rights, it is proposed that everyone has equal access to the benefits of this effort.",Animal Rights,Agent2,disagree,Agent2 believes this because it aligns with societal values.
"Regarding Animal Rights, it is proposed that everyone has equal access to the benefits of this effort.",Animal Rights,Agent3,neutral,Agent3 believes this because it promotes ethical practices.
"Regarding Animal Rights, it is proposed that everyone has equal access to the benefits of this effort.",Animal Rights,Agent4,agree,Agent4 believes this because it promotes ethical practices.
"Regarding Climate Change, it is proposed that organizations are required to disclose their related activities publicly.",Climate Change,Agent1,agree,Agent1 believes this because it encourages innovation.
"Regarding Climate Change, it is proposed that organizations are required to disclose their related activities publicly.",Climate Change,Agent2,agree,Agent2 believes this because it reduces inequality.
"Regarding Climate Change, it is proposed that organizations are required to disclose their related activities publicly.",Climate Change,Agent3,disagree,Agent3 believes this because it aligns with societal values.
"Regarding Climate Change, it is proposed that organizations are required to disclose their related activities publicly.",Climate Change,Agent4,neutral,Agent4 believes this because it has significant economic benefits.
"In the context of Freedom of Speech, the norm states that this effort should not compromise personal freedoms.",Freedom of Speech,Agent1,disagree,Agent1 believes this because it is too costly to implement.
"In the context of Freedom of Speech, the norm states that this effort should not compromise personal freedoms.",Freedom of Speech,Agent2,disagree,Agent2 believes this because it is too costly to implement.
"In the context of Freedom of Speech, the norm states that this effort should not compromise personal freedoms.",Freedom of Speech,Agent3,agree,Agent3 believes this because it ensures fairness.
"In the context of Freedom of Speech, the norm states that this effort should not compromise personal freedoms.",Freedom of Speech,Agent4,agree,Agent4 believes this because it ensures fairness.
"In the context of Freedom of Speech, the norm states that governments must invest at least 50% of their budget into related technologies.",Freedom of Speech,Agent1,neutral,Agent1 believes this because it ensures fairness.
"In the context of Freedom of Speech, the norm states that governments must invest at least 50% of their budget into related technologies.",Freedom of Speech,Agent2,disagree,Agent2 believes this because it aligns with societal values.
"In the context of Freedom of Speech, the norm states that governments must invest at least 50% of their budget into related technologies.",Freedom of Speech,Agent3,agree,Agent3 believes this because it has significant economic benefits.
"In the context of Freedom of Speech, the norm states that governments must invest at least 50% of their budget into related technologies.",Freedom of Speech,Agent4,disagree,Agent4 believes this because it is too costly to implement.
A new rule in Data Privacy suggests that organizations are required to disclose their related activities publicly.,Data Privacy,Agent1,neutral,Agent1 believes this because it could infringe on individual freedoms.
A new rule in Data Privacy suggests that organizations are required to disclose their related activities publicly.,Data Privacy,Agent2,agree,Agent2 believes this because it reduces inequality.
A new rule in Data Privacy suggests that organizations are required to disclose their related activities publicly.,Data Privacy,Agent3,agree,Agent3 believes this because it promotes ethical practices.
A new rule in Data Privacy suggests that organizations are required to disclose their related activities publicly.,Data Privacy,Agent4,disagree,Agent4 believes this because it aligns with societal values.
"Regarding Freedom of Speech, it is proposed that everyone has equal access to the benefits of this effort.",Freedom of Speech,Agent1,agree,Agent1 believes this because it reduces inequality.
"Regarding Freedom of Speech, it is proposed that everyone has equal access to the benefits of this effort.",Freedom of Speech,Agent2,agree,Agent2 believes this because it is too costly to implement.
"Regarding Freedom of Speech, it is proposed that everyone has equal access to the benefits of this effort.",Freedom of Speech,Agent3,disagree,Agent3 believes this because it is too costly to implement.
"Regarding Freedom of Speech, it is proposed that everyone has equal access to the benefits of this effort.",Freedom of Speech,Agent4,disagree,Agent4 believes this because it has significant economic benefits.
A new rule in Animal Rights suggests that organizations are required to disclose their related activities publicly.,Animal Rights,Agent1,disagree,Agent1 believes this because it could infringe on individual freedoms.
A new rule in Animal Rights suggests that organizations are required to disclose their related activities publicly.,Animal Rights,Agent2,disagree,Agent2 believes this because it promotes ethical practices.
A new rule in Animal Rights suggests that organizations are required to disclose their related activities publicly.,Animal Rights,Agent3,agree,Agent3 believes this because it encourages innovation.
A new rule in Animal Rights suggests that organizations are required to disclose their related activities publicly.,Animal Rights,Agent4,neutral,Agent4 believes this because it lacks sufficient evidence to support it.
A new rule in Animal Rights suggests that individuals should prioritize this issue over other social problems.,Animal Rights,Agent1,agree,Agent1 believes this because it could infringe on individual freedoms.
A new rule in Animal Rights suggests that individuals should prioritize this issue over other social problems.,Animal Rights,Agent2,neutral,Agent2 believes this because it encourages innovation.
A new rule in Animal Rights suggests that individuals should prioritize this issue over other social problems.,Animal Rights,Agent3,neutral,Agent3 believes this because it has significant economic benefits.
A new rule in Animal Rights suggests that individuals should prioritize this issue over other social problems.,Animal Rights,Agent4,neutral,Agent4 believes this because it reduces inequality.
A new rule in Freedom of Speech suggests that everyone has equal access to the benefits of this effort.,Freedom of Speech,Agent1,disagree,Agent1 believes this because it promotes ethical practices.
A new rule in Freedom of Speech suggests that everyone has equal access to the benefits of this effort.,Freedom of Speech,Agent2,disagree,Agent2 believes this because it encourages innovation.
A new rule in Freedom of Speech suggests that everyone has equal access to the benefits of this effort.,Freedom of Speech,Agent3,agree,Agent3 believes this because it promotes ethical practices.
A new rule in Freedom of Speech suggests that everyone has equal access to the benefits of this effort.,Freedom of Speech,Agent4,agree,Agent4 believes this because it could infringe on individual freedoms.
"In the context of Artificial Intelligence, the norm states that research must focus on ethical implications first.",Artificial Intelligence,Agent1,disagree,Agent1 believes this because it promotes ethical practices.
"In the context of Artificial Intelligence, the norm states that research must focus on ethical implications first.",Artificial Intelligence,Agent2,disagree,Agent2 believes this because it encourages innovation.
"In the context of Artificial Intelligence, the norm states that research must focus on ethical implications first.",Artificial Intelligence,Agent3,neutral,Agent3 believes this because it aligns with societal values.
"In the context of Artificial Intelligence, the norm states that research must focus on ethical implications first.",Artificial Intelligence,Agent4,neutral,Agent4 believes this because it could infringe on individual freedoms.
"In the context of Space Exploration, the norm states that communities are encouraged to take grassroots actions.",Space Exploration,Agent1,agree,Agent1 believes this because it is too costly to implement.
"In the context of Space Exploration, the norm states that communities are encouraged to take grassroots actions.",Space Exploration,Agent2,neutral,Agent2 believes this because it promotes ethical practices.
"In the context of Space Exploration, the norm states that communities are encouraged to take grassroots actions.",Space Exploration,Agent3,disagree,Agent3 believes this because it is too costly to implement.
"In the context of Space Exploration, the norm states that communities are encouraged to take grassroots actions.",Space Exploration,Agent4,disagree,Agent4 believes this because it lacks sufficient evidence to support it.
"Regarding Healthcare Accessibility, it is proposed that there must be strict regulations to prevent misuse.",Healthcare Accessibility,Agent1,neutral,Agent1 believes this because it might cause unintended consequences.
"Regarding Healthcare Accessibility, it is proposed that there must be strict regulations to prevent misuse.",Healthcare Accessibility,Agent2,neutral,Agent2 believes this because it is too costly to implement.
"Regarding Healthcare Accessibility, it is proposed that there must be strict regulations to prevent misuse.",Healthcare Accessibility,Agent3,agree,Agent3 believes this because it reduces inequality.
"Regarding Healthcare Accessibility, it is proposed that there must be strict regulations to prevent misuse.",Healthcare Accessibility,Agent4,disagree,Agent4 believes this because it might cause unintended consequences.
"In the context of Data Privacy, the norm states that individuals should prioritize this issue over other social problems.",Data Privacy,Agent1,disagree,Agent1 believes this because it might cause unintended consequences.
"In the context of Data Privacy, the norm states that individuals should prioritize this issue over other social problems.",Data Privacy,Agent2,neutral,Agent2 believes this because it reduces inequality.
"In the context of Data Privacy, the norm states that individuals should prioritize this issue over other social problems.",Data Privacy,Agent3,neutral,Agent3 believes this because it ensures fairness.
"In the context of Data Privacy, the norm states that individuals should prioritize this issue over other social problems.",Data Privacy,Agent4,agree,Agent4 believes this because it lacks sufficient evidence to support it.
"Regarding Space Exploration, it is proposed that individuals should prioritize this issue over other social problems.",Space Exploration,Agent1,neutral,Agent1 believes this because it ensures fairness.
"Regarding Space Exploration, it is proposed that individuals should prioritize this issue over other social problems.",Space Exploration,Agent2,agree,Agent2 believes this because it could infringe on individual freedoms.
"Regarding Space Exploration, it is proposed that individuals should prioritize this issue over other social problems.",Space Exploration,Agent3,neutral,Agent3 believes this because it lacks sufficient evidence to support it.
"Regarding Space Exploration, it is proposed that individuals should prioritize this issue over other social problems.",Space Exploration,Agent4,disagree,Agent4 believes this because it could infringe on individual freedoms.
"In the context of Animal Rights, the norm states that individuals should prioritize this issue over other social problems.",Animal Rights,Agent1,agree,Agent1 believes this because it lacks sufficient evidence to support it.
"In the context of Animal Rights, the norm states that individuals should prioritize this issue over other social problems.",Animal Rights,Agent2,neutral,Agent2 believes this because it could infringe on individual freedoms.
"In the context of Animal Rights, the norm states that individuals should prioritize this issue over other social problems.",Animal Rights,Agent3,neutral,Agent3 believes this because it aligns with societal values.
"In the context of Animal Rights, the norm states that individuals should prioritize this issue over other social problems.",Animal Rights,Agent4,disagree,Agent4 believes this because it could infringe on individual freedoms.
A new rule in Animal Rights suggests that this effort should not compromise personal freedoms.,Animal Rights,Agent1,agree,Agent1 believes this because it encourages innovation.
A new rule in Animal Rights suggests that this effort should not compromise personal freedoms.,Animal Rights,Agent2,neutral,Agent2 believes this because it ensures fairness.
A new rule in Animal Rights suggests that this effort should not compromise personal freedoms.,Animal Rights,Agent3,agree,Agent3 believes this because it lacks sufficient evidence to support it.
A new rule in Animal Rights suggests that this effort should not compromise personal freedoms.,Animal Rights,Agent4,disagree,Agent4 believes this because it reduces inequality.
A new rule in Data Privacy suggests that violators should face legal consequences for non-compliance.,Data Privacy,Agent1,disagree,Agent1 believes this because it could infringe on individual freedoms.
A new rule in Data Privacy suggests that violators should face legal consequences for non-compliance.,Data Privacy,Agent2,disagree,Agent2 believes this because it has significant economic benefits.
A new rule in Data Privacy suggests that violators should face legal consequences for non-compliance.,Data Privacy,Agent3,disagree,Agent3 believes this because it lacks sufficient evidence to support it.
A new rule in Data Privacy suggests that violators should face legal consequences for non-compliance.,Data Privacy,Agent4,agree,Agent4 believes this because it promotes ethical practices.
"In the context of Data Privacy, the norm states that violators should face legal consequences for non-compliance.",Data Privacy,Agent1,disagree,Agent1 believes this because it has significant economic benefits.
"In the context of Data Privacy, the norm states that violators should face legal consequences for non-compliance.",Data Privacy,Agent2,disagree,Agent2 believes this because it promotes ethical practices.
"In the context of Data Privacy, the norm states that violators should face legal consequences for non-compliance.",Data Privacy,Agent3,disagree,Agent3 believes this because it lacks sufficient evidence to support it.
"In the context of Data Privacy, the norm states that violators should face legal consequences for non-compliance.",Data Privacy,Agent4,neutral,Agent4 believes this because it is too costly to implement.
A new rule in Freedom of Speech suggests that this effort should not compromise personal freedoms.,Freedom of Speech,Agent1,neutral,Agent1 believes this because it ensures fairness.
A new rule in Freedom of Speech suggests that this effort should not compromise personal freedoms.,Freedom of Speech,Agent2,agree,Agent2 believes this because it ensures fairness.
A new rule in Freedom of Speech suggests that this effort should not compromise personal freedoms.,Freedom of Speech,Agent3,disagree,Agent3 believes this because it lacks sufficient evidence to support it.
A new rule in Freedom of Speech suggests that this effort should not compromise personal freedoms.,Freedom of Speech,Agent4,agree,Agent4 believes this because it could infringe on individual freedoms.
"Regarding Space Exploration, it is proposed that international cooperation is mandatory for success.",Space Exploration,Agent1,agree,Agent1 believes this because it promotes ethical practices.
"Regarding Space Exploration, it is proposed that international cooperation is mandatory for success.",Space Exploration,Agent2,disagree,Agent2 believes this because it is too costly to implement.
"Regarding Space Exploration, it is proposed that international cooperation is mandatory for success.",Space Exploration,Agent3,agree,Agent3 believes this because it lacks sufficient evidence to support it.
"Regarding Space Exploration, it is proposed that international cooperation is mandatory for success.",Space Exploration,Agent4,agree,Agent4 believes this because it could infringe on individual freedoms.
"In the context of Climate Change, the norm states that communities are encouraged to take grassroots actions.",Climate Change,Agent1,agree,Agent1 believes this because it is too costly to implement.
"In the context of Climate Change, the norm states that communities are encouraged to take grassroots actions.",Climate Change,Agent2,neutral,Agent2 believes this because it aligns with societal values.
"In the context of Climate Change, the norm states that communities are encouraged to take grassroots actions.",Climate Change,Agent3,neutral,Agent3 believes this because it encourages innovation.
"In the context of Climate Change, the norm states that communities are encouraged to take grassroots actions.",Climate Change,Agent4,disagree,Agent4 believes this because it could infringe on individual freedoms.
